Time,data
383.200007664,1
758.150015163,2
