{
	"scenerios": [
		{
			"scene_name": "new_scenario",
			"repeats": 5,
			"dynamic_obstacles": {
				"dynamic_obs_0": {
					"obstacle_radius": 0.5,
					"linear_velocity": 0.3,
					"type": "circle",
					"start_pos": [
						0.6500000000000004,
						0.4500000000000002,
						0
					],
					"waypoints": [
						[
							1.5999999999999972,
							0.1,
							0
						]
					],
					"is_waypoint_relative": true,
					"mode": "yoyo",
					"triggers": [
						"watcher_0"
					]
				}
			},
			"static_obstacles": {

			},
			"robot": {
				"start_pos": [
					-5.05,
					0.35000000000000053,
					0.0
				],
				"goal_pos": [
					6.100000000000001,
					0.20000000000000284,
					0.0
				]
			},
			"watchers": {
				"watcher_0": {
					"pos": [
						0.6000000000000005,
						0.10000000000000053
					],
					"range": 1.25
				}
			}
		}
	]
}