Time,data
115.150002303,1
221.450004429,2
339.450006789,3
468.950009379,4
587.150011743,5
679.700013594,6
787.450015749,7
907.600018152,8
