Time,data
1614517456.0811825,1
1614517470.8576028,2
1614517494.3804746,3
1614517529.8575823,4
1614517600.7480907,5
1614517671.6081498,6
1614517777.7168577,7
1614517918.5278077,8
1614517953.9677114,9
1614518447.7506912,10
