Time,data
352.700007054,1
544.050010881,2
