Time,data
210.450004209,1
378.00000756,2
665.700013314,3
