Time,data
216.100004322,1
490.650009813,2
