Time,data
181.950003639,1
342.350006847,2
504.300010086,3
666.450013329,4
832.00001664,5
995.250019905,6
