Time,data
98.950001979,1
403.050008061,2
411.600008232,3
512.050010241,4
642.300012846,5
735.0000147,6
836.350016727,7
947.300018946,8
975.300019506,9
1066.700021334,10
1375.100027502,11
1498.400029968,12
2137.450042749,13
2244.550044891,14
2252.50004505,15
2455.450049109,16
2463.900049278,17
2564.050051281,18
2666.700053334,19
2777.300055546,20
2895.0000579,21
3000.750060015,22
3226.450064529,23
3242.100064842,24
3327.300066546,25
