Time,data
514.900010298,1
1460.400029208,2
