Time,data
1309.50002619,1
1403.150028063,2
1600.050032001,3
1786.100035722,4
