Time,data
345.250006905,1
499.300009986,2
652.900013058,3
807.300016146,4
