Time,data
233.250004665,1
406.300008126,2
562.750011255,3
712.700014254,4
871.600017432,5
