Time,data
85.400001708,1
86.300001726,2
88.50000177,3
89.350001787,4
91.750001835,5
95.0000019,6
268.400005368,7
305.250006105,8
758.400015168,9
780.400015608,10
