{
	"scenerios": [
		{
			"scene_name": "new_scenario",
			"repeats": 5,
			"dynamic_obstacles": {
				"dynamic_obs_0": {
					"obstacle_radius": 0.666,
					"linear_velocity": 0.3,
					"start_pos": [
						3.1242,
						-0.7005999999999997,
						0
					],
					"waypoints": [
						[
							4.1292,
							2.5308,
							0
						]
					],
					"is_waypoint_relative": true,
					"mode": "yoyo",
					"triggers": [
						"watcher_0"
					]
				},
				"dynamic_obs_1": {
					"obstacle_radius": 0.666,
					"linear_velocity": 0.3,
					"start_pos": [
						13.713600000000003,
						2.562800000000001,
						0
					],
					"waypoints": [
						[
							4.7286,
							1.0656,
							0
						]
					],
					"is_waypoint_relative": true,
					"mode": "yoyo",
					"triggers": [
						"watcher_1"
					]
				},
				"dynamic_obs_2": {
					"obstacle_radius": 0.666,
					"linear_velocity": 0.3,
					"start_pos": [
						7.519800000000002,
						7.224800000000002,
						0
					],
					"waypoints": [
						[
							1.5984000000000003,
							-3.0636,
							0
						]
					],
					"is_waypoint_relative": true,
					"mode": "yoyo",
					"triggers": [
						"watcher_2"
					]
				}
			},
			"static_obstacles": {

			},
			"robot": {
				"start_pos": [
					15.978000000000002,
					-2.0326000000000035,
					0.0
				],
				"goal_pos": [
					7.320000000000002,
					11.354000000000003,
					0.0
				]
			},
			"watchers": {
				"watcher_0": {
					"pos": [
						3.390600000000001,
						-0.7671999999999999
					],
					"range": 2.664
				},
				"watcher_1": {
					"pos": [
						12.514800000000001,
						1.963400000000001
					],
					"range": 2.0313000000000003
				},
				"watcher_2": {
					"pos": [
						7.852800000000002,
						7.0916000000000015
					],
					"range": 1.5318
				}
			}
		}
	]
}