Time,data
153.100003062,1
284.600005692,2
417.250008345,3
546.550010931,4
