Time,data
313.350006267,1
576.50001153,2
