{
	"scenerios": [
		{
			"robot1.1": {
				"start_pos": [
					-2.0999999999999996,
					-4.85,
					0.0
				],
				"goal_pos": [
					-1.8999999999999995,
					5.700000000000001,
					0.0
				]
			},
			"robot1.2": {
				"start_pos": [
					-1.8999999999999995,
					5.700000000000001,
					0.0
				],
				"goal_pos": [
					-2.0999999999999996,
					-4.85,
					0.0
				]
			},
			"robot2.1": {
				"start_pos": [
					2.700000000000003,
					-4.9,
					0.0
				],
				"goal_pos": [
					2.6500000000000004,
					5.75,
					0.0
				]
			},
			"robot2.2": {
				"start_pos": [
					2.6500000000000004,
					5.75,
					0.0
				],
				"goal_pos": [
					2.700000000000003,
					-4.9,
					0.0
				]
			},
			"robot3.1": {
				"start_pos": [
					-5.05,
					0.35000000000000053,
					0.0
				],
				"goal_pos": [
					6.100000000000001,
					0.20000000000000284,
					0.0
				]
			},
			"robot3.2": {
				"start_pos": [
					6.100000000000001,
					0.20000000000000284,
					0.0
				],
				"goal_pos": [
					-5.05,
					0.35000000000000053,
					0.0
				]
			},
			"robot4.1": {
				"start_pos": [
					-4.95,
					5.799999999999997,
					0.0
				],
				"goal_pos": [
					5.999999999999998,
					-4.85,
					0.0
				]
			},
			"robot4.2": {
				"start_pos": [
					5.999999999999998,
					-4.85,
					0.0
				],
				"goal_pos": [
					-4.95,
					5.799999999999997,
					0.0
				]
			},
			"robot5.1": {
				"start_pos": [
					5.9,
					5.700000000000001,
					0.0
				],
				"goal_pos": [
					-4.95,
					-4.85,
					0.0
				]
			},
			"robot5.2": {
				"start_pos": [
					-4.95,
					-4.85,
					0.0
				],
				"goal_pos": [
					5.9,
					5.700000000000001,
					0.0
				]
			}
		}
	]
}