{
	"scenerios": [
		{
			"scene_name": "new_scenario",
			"repeats": 5,
			"dynamic_obstacles": {
				"dynamic_obs_0": {
					"obstacle_radius": 0.666,
					"linear_velocity": 0.3,
					"type": "circle",
					"start_pos": [
						8.452200000000001,
						5.4266000000000005,
						0
					],
					"waypoints": [
						[
							3.3966000000000003,
							-0.1332,
							0
						],
[
							2.4642000000000004,
							3.130200000000004,
							0
						]
					],
					"is_waypoint_relative": true,
					"mode": "loop",
					"triggers": [
						"watcher_0"
					]
				}
			},
			"static_obstacles": {

			},
			"robot": {
				"start_pos": [
					8.5188,
					1.4972000000000003,
					0.0
				],
				"goal_pos": [
					7.986000000000001,
					9.955400000000001,
					0.0
				]
			},
			"watchers": {
				"watcher_0": {
					"pos": [
						8.452200000000001,
						5.493200000000002
					],
					"range": 3.2634000000000003
				}
			}
		}
	]
}