Time,data
139.400002788,1
224.00000448,2
313.100006262,3
