Time,data
255.750005115,1
388.00000776,2
521.800010436,3
647.250012945,4
