{
	"scenerios": [
		{
			"scene_name": "new_scenario",
			"repeats": 5,
			"dynamic_obstacles": {
				"dynamic_obs_0": {
					"obstacle_radius": 0.666,
					"linear_velocity": 0.3,
					"type": "circle",
					"start_pos": [
						7.519800000000002,
						5.759600000000001,
						0
					],
					"waypoints": [
						[
							3.2633999999999967,
							0.46620000000000383,
							0
						]
					],
					"is_waypoint_relative": true,
					"mode": "yoyo",
					"triggers": [
						"watcher_0"
					]
				}
			},
			"static_obstacles": {

			},
			"robot": {
				"start_pos": [
					8.185800000000002,
					1.1642000000000001,
					0.0
				],
				"goal_pos": [
					8.185800000000002,
					10.688000000000002,
					0.0
				]
			},
			"watchers": {
				"watcher_0": {
					"pos": [
						8.252400000000002,
						4.361000000000001
					],
					"range": 1.6650000000000003
				}
			}
		}
	]
}