{
	"scenerios": [
		{
			"scene_name": "new_scenario",
			"repeats": 5,
			"dynamic_obstacles": {
				"dynamic_obs_0": {
					"obstacle_radius": 0.666,
					"linear_velocity": 0.3,
					"type": "circle",
					"start_pos": [
						7.186800000000002,
						1.6304000000000007,
						0
					],
					"waypoints": [
						[
							2.9304,
							-0.1332,
							0
						]
					],
					"is_waypoint_relative": true,
					"mode": "yoyo",
					"triggers": [
						"watcher_0"
					]
				},
				"dynamic_obs_1": {
					"obstacle_radius": 0.666,
					"linear_velocity": 0.3,
					"type": "circle",
					"start_pos": [
						10.250400000000003,
						8.0906,
						0
					],
					"waypoints": [
						[
							3.8627999999999965,
							-5.128200000000004,
							0
						]
					],
					"is_waypoint_relative": true,
					"mode": "yoyo",
					"triggers": [
						"watcher_1"
					]
				},
				"dynamic_obs_2": {
					"obstacle_radius": 0.666,
					"linear_velocity": 0.3,
					"type": "walker",
					"start_pos": [
						14.113200000000003,
						3.029,
						0
					],
					"waypoints": [
						[
							-7.192800000000001,
							1.9314000000000002,
							0
						]
					],
					"is_waypoint_relative": true,
					"mode": "yoyo",
					"triggers": [
						"watcher_2"
					]
				}
			},
			"static_obstacles": {

			},
			"robot": {
				"start_pos": [
					16.111200000000004,
					-2.1658,
					0.0
				],
				"goal_pos": [
					7.586400000000001,
					13.685000000000002,
					0.0
				]
			},
			"watchers": {
				"watcher_0": {
					"pos": [
						7.453200000000001,
						1.6304000000000007
					],
					"range": 1.7316000000000003
				},
				"watcher_1": {
					"pos": [
						11.982000000000003,
						2.8292
					],
					"range": 1.9980000000000002
				},
				"watcher_2": {
					"pos": [
						9.184800000000001,
						8.7566
					],
					"range": 2.9304
				}
			}
		}
	]
}