Time,data
145.450002909,1
279.00000558,2
407.300008146,3
540.450010809,4
688.400013768,5
814.350016287,6
