Time,data
175.750003515,2
437.450008749,3
609.400012188,4
844.150016883,5
