Time,data
764.50001529,1
2000.650040013,2
