Time,data
1614520901.291984,1
1614520904.5637853,2
