Time,data
313.950006279,1
417.600008352,2
520.450010409,3
623.900012478,4
839.450016789,5
942.50001885,6
1045.50002091,7
1148.600022972,8
1252.00002504,9
1355.450027109,10
1659.550033191,11
1763.200035264,12
1865.650037313,13
1968.600039372,14
2071.100041422,15
2173.650043473,16
2276.650045533,17
2486.750049735,18
2698.750053975,19
2801.350056027,20
2904.250058085,21
3011.200060224,22
3113.900062278,23
3249.00006498,24
