Time,data
481.450009629,1
857.250017145,2
1094.800021896,3
1575.550031511,4
1784.100035682,5
2519.900050398,6
3003.300060066,7
3719.900074398,8
4062.600081252,9
