episode,nearest distance for adult,nearest distance for child,nearest distance for elder,nearest distance for forklift,nearest distance for servicerobot,nearest distance for random_wanderer,reward,safe distance adult,safe distance child,safe distance elder,safe distance forklift,safe distance servicerobot,safe distance random_wanderer,done_reason
1.0,9.19835686163667,12.409399366507106,10.310935473921388,5.114641493112875,5.6661071554793985,0.7897111523305458,-4.318592784586282,1.5,1.32,1.6500000000000001,2.52,2.2399999999999998,1.5,1.0
1.0,5.105389597869524,5.105389597869524,13.462819238224455,8.383559727575916,1.3974016145129569,0.766763244253677,-7.741077270753745,0.9,1.08,1.35,2.52,2.2399999999999998,1.5,1.0
1,13.911569803067124,1.1819051344402145,7.904391029291175,4.8630923697139,,8.66647144598291,-8.034928353228183,1.1,1.68,1.6500000000000001,2.52,,1.5,1
1,,2.2904455352723203,0.5710295096204869,14.729885332640865,13.960668049228307,8.537600908081275,-11.320901637004079,,1.08,2.0999999999999996,2.52,2.2399999999999998,1.5,1
