episode,nearest distance for adult,nearest distance for child,nearest distance for elder,reward,done_reason
1,13.669928849116568,6.415986149119935,13.347800862315008,5.293895489061049,,5.333419654827264,11.217730000000007,2
2,5.750869181884587,10.750358414682267,14.28802456941798,0.9671431471061458,,14.974450807005208,-7.13858993557416,1
3,10.138032048132112,1.149176490249252,8.14166296242814,3.7292094810552876,,5.823055109890131,7.1481087897948274,2
4,11.33723256836328,14.388849331755546,14.17517701423829,4.4785809299446715,,13.625983172598518,5.92838,2
5,,,,6.443842164125897,,14.79651746286291,9.096730000000003,2
1,9.24548507947262,8.313946802738181,5.83450161102161,1.9836964190264361,,3.5818720055726745,3.8848846720408337,2
