episode,nearest distance for adult,nearest distance for child,nearest distance for elder,reward,done_reason
1,,2.121864298447571,9.046979804247163,-9.513659999999998,1
2.0,2.5864082048158514,6.916367166651149,1.9864650056922202,-14.49688,1.0
3.0,15.567342368139412,1.6917983727226356,5.40326798548445,-44.39390000000017,1.0
4.0,9.525361188229448,5.721544275294327,8.794839744203383,-7.777470000000007,0.0
5,,10.94117544019717,19.786990151362925,-7.4150100000000005,1
6.0,0.9968385797293234,5.928398200522551,18.025036510270738,-15.797340000000009,3.0
7.0,14.39710200508002,7.006160104949779,2.8587915129322723,-28.447240000000033,1.0
