episode,nearest distance for adult,nearest distance for child,nearest distance for elder,reward,done_reason
1,0.9766367133928436,14.053081702876531,,-3.8511599999999997,3
2.0,5.638000657348623,6.478355479910587,11.567627598862842,-16.05419,1.0
3.0,2.2076298099180858,8.238248545967497,4.477625970662764,-34.92133000000001,1.0
