Time,data
154.700003094,1
272.700005454,2
350.150007003,3
525.200010504,4
633.600012672,5
711.750014235,6
804.250016085,7
