{
	"scenerios": [
		{
			"scene_name": "new_scenario",
			"repeats": 5,
			"dynamic_obstacles": {
				"dynamic_obs_0": {
					"obstacle_radius": 0.5,
					"linear_velocity": 0.3,
					"type": "circle",
					"start_pos": [
						0.0,
						0.5500000000000007,
						0
					],
					"waypoints": [
						[
							1.35,
							0.15000000000000002,
							0
						]
					],
					"is_waypoint_relative": true,
					"mode": "yoyo",
					"triggers": [
						"watcher_0"
					]
				}
			},
			"static_obstacles": {

			},
			"robot": {
				"start_pos": [
					2.700000000000003,
					-4.9,
					0.0
				],
				"goal_pos": [
					2.6500000000000004,
					5.75,
					0.0
				]
			},
			"watchers": {
				"watcher_0": {
					"pos": [
						-0.14999999999999947,
						0.5500000000000007
					],
					"range": 1.25
				}
			}
		}
	]
}