Time,data
149.400002988,1
283.600005672,2
676.350013527,3
