{
	"scenerios": [
		{
			"scene_name": "new_scenario",
			"repeats": 5,
			"dynamic_obstacles": {

			},
			"static_obstacles": {

			},
			"robot": {
				"start_pos": [
					-2.0999999999999996,
					-4.85,
					0.0
				],
				"goal_pos": [
					-1.8999999999999995,
					5.700000000000001,
					0.0
				]
			},
			"watchers": {

			}
		}
	]
}