{
	"scenerios": [
		{
			"scene_name": "new_scenario",
			"repeats": 5,
			"dynamic_obstacles": {

			},
			"static_obstacles": {

			},
			"robot": {
				"start_pos": [
					6.100000000000001,
					0.20000000000000284,
					0.0
				],
				"goal_pos": [
					-5.05,
					0.35000000000000053,
					0.0
				]
			},
			"watchers": {

			}
		}
	]
}