Time,data
660.0000132,1
891.300017826,2
1047.700020954,3
