{
	"scenarios": [
		{
			"scene_name": "new_scenario",
			"repeats": 5,
			"dynamic_obstacles": {
				"dynamic_obs_0": {
					"obstacle_radius": 0.666,
					"linear_velocity": 0.3,
					"type": "circle",
					"start_pos": [
						6.2544,
						0.3650000000000002,
						0
					],
					"waypoints": [
						[
							2.5974000000000004,
							0.7326,
							0
						]
					],
					"is_waypoint_relative": true,
					"mode": "yoyo",
					"triggers": [
						"watcher_0"
					]
				},
				"dynamic_obs_1": {
					"obstacle_radius": 0.666,
					"linear_velocity": 0.3,
					"type": "circle",
					"start_pos": [
						9.784200000000002,
						3.8282000000000007,
						0
					],
					"waypoints": [
						[
							-2.2644,
							-0.0666,
							0
						]
					],
					"is_waypoint_relative": true,
					"mode": "yoyo",
					"triggers": [
						"watcher_1"
					]
				},
				"dynamic_obs_2": {
					"obstacle_radius": 0.666,
					"linear_velocity": 0.3,
					"type": "circle",
					"start_pos": [
						7.253400000000001,
						6.825200000000001,
						0
					],
					"waypoints": [
						[
							2.5974000000000004,
							0.2664,
							0
						]
					],
					"is_waypoint_relative": true,
					"mode": "yoyo",
					"triggers": [
						"watcher_2"
					]
				}
			},
			"static_obstacles": {

			},
			"robot": {
				"start_pos": [
					5.988000000000001,
					-2.5654000000000017,
					0.0
				],
				"goal_pos": [
					8.452200000000001,
					10.221799999999998,
					0.0
				]
			},
			"watchers": {
				"watcher_0": {
					"pos": [
						6.587400000000001,
						0.6314000000000002
					],
					"range": 1.6650000000000003
				},
				"watcher_1": {
					"pos": [
						9.318000000000001,
						2.9624000000000006
					],
					"range": 1.6650000000000003
				},
				"watcher_2": {
					"pos": [
						6.920400000000001,
						6.425600000000001
					],
					"range": 1.6650000000000003
				}
			}
		}
	]
}