Time,data
1534.50003069,1
1681.100033622,2
1813.600036272,3
1932.200038644,4
